trader_sentiment,mean,sum,count
Bearish,909.1425098,781862.558428,860
Bullish,848.2403250531916,717611.314995,846
Neutral,41.989161169985394,8797485.070013,209518
